
{
    "title": "IHM Light Application Demo - Angular",
    "apiBasePath": "https://localhost:8080/api",
    "xConnectUrl": "https://zuda0-xconihmauthcol.ca-technologies.fr/",
    "clientId": "62c11279475b0a9987a62f5e2794e9914e3740ac59f933059d043cd0a3d7fe50",
    "redirectUrl": "authorize",
    "remoteClientId": "0b4c638496be27cc7c4264e28eeaf2bfca4430c994ff634ea3cdd54d89fbc7ba",
    "remoteUrl": "https://d1-s2156-ihml.hpr.caas.ca-ts.group.gca/$1/fe",    
    "remoteUrlRegex": "^/(.*)/.*",
    "serverLoggingUrl": "https://localhost:8080/api/logs/send",
    "logLevel": 0,
    "serverLogLevel":2,
    "disableConsoleLogging": false,
    "backgroundColor": "#a6120d",
    "swaggerUrl": "https://localhost:8081/swagger-ui/index.html?url=/openapi"
}