<Configuration>
	<Properties>
		<!-- Niveau de logs par défaut CAT -->
		<property name="NIVEAU_LOG_CAT">DEBUG</property>

		<!-- Niveau de logs par défaut non CAT -->
		<property name="NIVEAU_LOG_NON_CAT">INFO</property>
		
		<!-- Code adabo de l'environnement -->
		<property name="ADABO">ZUDA0</property>		
				
		<!-- Nom du fichier de log applicatif. Ne pas mettre de .log à la fin -->
		<property name="NOM_FIC_TRACES_APPLICATION">application-serveur</property>
		
		<!-- Nom du fichier de log de perf. Ne pas mettre de .log à la fin -->
		<property name="NOM_FIC_TRACES_PERF">perf-serveur</property>
		
		<!-- Nom du fichier de log de type sécurité. Ne pas mettre de .log à la fin -->
		<property name="NOM_FIC_TRACES_SECU">secu-serveur</property>
		
		<!-- Nom du fichier de log applicatif. Ne pas mettre de .log à la fin -->
		<property name="NOM_FIC_AUTRES">logsTierces</property>
	
		<!-- Taille maxi d'un fichier de log -->
		<property name="TAILLE_MAXI_FICHIER_LOG">5MB</property>
	
		<!-- Nombre de fichiers de log à conserver dans l'historique -->
		<property name="NB_FICHIER_LOG_HISTORIQUE">20</property>
	
		<!-- Période de rafraichissement de la conf de filtrage -->
		<property name="PERIODE_RAFRAICHISSEMENT_PARAMETRAGE">300</property>
	
		<!-- Scope du serveur -->
		<property name="SCOPE">WAS_IHM</property>
	</Properties>

 <Appenders>

	<Console name="SYSOUT_AUTRES" target="SYSTEM_OUT">
      <PatternLayout pattern="time=%d{yyyy-MM-dd'T'HH:mm:ss.SSSZ}|%-4relative [%thread] %-5level %logger{35} - %msg%n"/>
      <!--<ThresholdFilter level="INFO" onMatch="ACCEPT" onMismatch="DENY"/>-->
    </Console>

	<Console name="SYSOUT_APPLICATION" target="SYSTEM_OUT">
      <PatternLayout pattern="time=%dcats{yyyy-MM-dd'T'HH:mm:ss.SSSZ}|level=%p|event_cod=%X{MostCode}|event_typ=%marker|usr_id=%X{subject}|uom_cod=%X{caisseRegionale}|appd_id=%X{typeEmetteur}:%X{nomEmetteur}:%X{versionEmetteur}|component_id=%c|corr_id=%X{CorrelationID}|sess_id=%X{idSessionPortail}:%X{IdInstanceUA}|src_client_id=%X{idConsommateur}:%X{versionConsommateur}|adabo_cod=${ADABO}|thread=%thread|operation_name=%X{nomOperation}|src_client_origine=%X{idConsommateurOrigine}:%X{versionConsommateurOrigine}|machine=%X{idMachine}|connection_eds=%X{connectionEDSID}|functional_post=%X{functionalPostEDSID}|operation_post_id=%X{operationalPostID}|canal_id=%X{canalID}|distribution_canal_id=%X{distribCanalID}|casa_user_typ=%X{userTypeCASA}|bank_network=%X{bankNetwork}|message=%mcats%n"/>
      <!-- Filtre sur le niveau de log CAT -->
      <Filters>
      	<MarkerFilter marker="PERF" onMatch="DENY" onMismatch="NEUTRAL" />
      	<MarkerFilter marker="SECU" onMatch="DENY" onMismatch="NEUTRAL" />
      </Filters>
    </Console>
		
	<Console name="SYSOUT_SECU" target="SYSTEM_OUT">
      <PatternLayout pattern="time=%dcats{yyyy-MM-dd'T'HH:mm:ss.SSSZ}|level=%p|event_cod=%X{MostCode}|event_typ=%marker|usr_id=%X{subject}|uom_cod=%X{caisseRegionale}|appd_id=%X{typeEmetteur}:%X{nomEmetteur}:%X{versionEmetteur}|component_id=%c|corr_id=%X{CorrelationID}|sess_id=%X{idSessionPortail}:%X{IdInstanceUA}|src_client_id=%X{idConsommateur}:%X{versionConsommateur}|adabo_cod=${ADABO}|thread=%thread|operation_name=%X{nomOperation}|src_client_origine=%X{idConsommateurOrigine}:%X{versionConsommateurOrigine}|machine=%X{idMachine}|connection_eds=%X{connectionEDSID}|functional_post=%X{functionalPostEDSID}|operation_post_id=%X{operationalPostID}|canal_id=%X{canalID}|distribution_canal_id=%X{distribCanalID}|casa_user_typ=%X{userTypeCASA}|bank_network=%X{bankNetwork}|message=%mcats%n"/>
    </Console>
		
	<Console name="SYSOUT_PERF" target="SYSTEM_OUT">
      <PatternLayout pattern="time=%dcats{yyyy-MM-dd'T'HH:mm:ss.SSSZ}|level=%p|event_cod=%X{MostCode}|event_typ=%marker|usr_id=%X{subject}|uom_cod=%X{caisseRegionale}|appd_id=%X{typeEmetteur}:%X{nomEmetteur}:%X{versionEmetteur}|component_id=%c|corr_id=%X{CorrelationID}|sess_id=%X{idSessionPortail}:%X{IdInstanceUA}|src_client_id=%X{idConsommateur}:%X{versionConsommateur}|adabo_cod=${ADABO}|thread=%thread|operation_name=%X{nomOperation}|src_client_origine=%X{idConsommateurOrigine}:%X{versionConsommateurOrigine}|machine=%X{idMachine}|connection_eds=%X{connectionEDSID}|functional_post=%X{functionalPostEDSID}|operation_post_id=%X{operationalPostID}|canal_id=%X{canalID}|distribution_canal_id=%X{distribCanalID}|casa_user_typ=%X{userTypeCASA}|bank_network=%X{bankNetwork}|message=%mcats|perf=%X{perfElapse} (ms)%n"/>
    </Console>

	<Async name="ASYNC_AUTRES" bufferSize="5000" blocking="false" >
		<AppenderRef ref="SYSOUT_AUTRES"/> 
	</Async>

	<Async name="ASYNC_SECU" bufferSize="5000" blocking="false" >
		<Filters>
			<MarkerFilter marker="SECU" onMatch="ACCEPT" onMismatch="DENY"/>
			<ThresholdFilter level="WARN" onMatch="ACCEPT" onMismatch="DENY"/>
		</Filters>
		<AppenderRef ref="SYSOUT_SECU"/>
	</Async>

	<Async name="ASYNC_PERF" bufferSize="5000" blocking="false" >
		<Filters>
			<MarkerFilter marker="PERF" onMatch="ACCEPT" onMismatch="DENY"/>
			<ThresholdFilter level="INFO" onMatch="ACCEPT" onMismatch="DENY"/>
		</Filters>
		<AppenderRef ref="SYSOUT_PERF"/>
	</Async>

	<Async name="ASYNC_TRACE" bufferSize="5000" blocking="false" >
		<Filters>
			<MarkerFilter marker="TRACE" onMatch="ACCEPT" onMismatch="DENY"/>
			<ThresholdFilter level="TRACE" onMatch="ACCEPT" onMismatch="DENY"/>
		</Filters>
		<AppenderRef ref="SYSOUT_APPLICATION" />
	</Async>

	<Async name="ASYNC_DEBUG" bufferSize="5000" blocking="false" >
		<Filters>
			<MarkerFilter marker="DEBUG" onMatch="ACCEPT" onMismatch="DENY"/>
			<ThresholdFilter level="DEBUG" onMatch="ACCEPT" onMismatch="DENY"/>
		</Filters>
		<AppenderRef ref="SYSOUT_APPLICATION" />
	</Async>
	
	<Async name="ASYNC_SUIVI" bufferSize="5000" blocking="false" >
		<Filters>
			<MarkerFilter marker="SUIVI" onMatch="ACCEPT" onMismatch="DENY"/>
			<ThresholdFilter level="INFO" onMatch="ACCEPT" onMismatch="DENY"/>
		</Filters>
		<AppenderRef ref="SYSOUT_APPLICATION" />
	</Async>

	<Async name="ASYNC_WARN" bufferSize="5000" blocking="false" >
		<Filters>
			<MarkerFilter marker="WARN" onMatch="ACCEPT" onMismatch="DENY"/>
			<ThresholdFilter level="WARN" onMatch="ACCEPT" onMismatch="DENY"/>
		</Filters>
		<AppenderRef ref="SYSOUT_APPLICATION" />
	</Async>

	<Async name="ASYNC_ERREUR" bufferSize="5000" blocking="false" >
		<Filters>
			<!-- ne pas utiliser le marker pour filtrer = > on récupère les erreurs de librairie ingénierie 
			<MarkerFilter marker="ERREUR" onMatch="ACCEPT" onMismatch="DENY"/>
			-->
			<ThresholdFilter level="ERROR" onMatch="ACCEPT" onMismatch="DENY"/>
		</Filters>
		<AppenderRef ref="SYSOUT_APPLICATION" />
	</Async>

  </Appenders>

	 
	<!-- Loggeurs -->
	<!-- Logs spring -->
	<!-- Loggeurs -->
	<Loggers>
	
		<!-- Logs spring -->
		<logger name="org.springframework" additivity="false" level="${NIVEAU_LOG_NON_CAT}" >
			<AppenderRef ref="ASYNC_AUTRES" />
		</logger>	
	
		<!--  Logs apache -->
		<logger name="org.apache" additivity="false" level="${NIVEAU_LOG_NON_CAT}" >
			<AppenderRef ref="ASYNC_AUTRES" />
		</logger>
	
		<!--  Logs apache en trop ... pas trouvé mieux pour l'instant -->
		<logger name="org.apache.http.wire" level="OFF" />

		<!-- Logs CA-TS -->
		<logger name="fr.ca" additivity="false" level="${NIVEAU_LOG_CAT}" >
			<AppenderRef ref="ASYNC_PERF" />

			<AppenderRef ref="ASYNC_TRACE" />
			<AppenderRef ref="ASYNC_DEBUG" />
			<AppenderRef ref="ASYNC_SUIVI" />
			<AppenderRef ref="ASYNC_WARN" />
			<AppenderRef ref="ASYNC_ERREUR" />

			<AppenderRef ref="ASYNC_SECU" />
		</logger>
	
		<!-- Gestion par défaut des logs -->
		<root level="${NIVEAU_LOG_NON_CAT}">
			<AppenderRef ref="ASYNC_AUTRES" />
		</root>
	</Loggers>

</Configuration>