<?xml version="1.0" encoding="UTF-8"?>
<configuration status="DEBUG">
	<appender name="ConsoleOther" class="ch.qos.logback.core.ConsoleAppender">
		<encoder>
			<pattern>
				time=%d{yyyy-MM-dd'T'HH:mm:ss.SSS'Z'}|level=%-5level|event_cod=SPRING_SERVER_LOGS|event_typ=LOGS_TECH|sec_event_typ=%X{sec_event_typ}|usr_id=%X{usr_id}|uom_cod=%X{uom_cod}|app_id=STANDALONE|component_id=WebApp_ihm_bff_java|corr_id=%X{corr_id}|sess_id=%X{sess_id}|src_client_id=%X{src_client_id}|profil=%X{profil}|instance_name=%X{instance_name}|uri=%X{uri}|component_type=BFF|terminal=%X{terminal}|eds=%X{eds}|operational_post_id=%X{operational_post_id}|source=%c{0}|stack_trace=%X{stack_trace}|src_client=IHML-S1247|%msg%n
			</pattern>
		</encoder>
	</appender>

	<appender name="ConsoleApp" class="ch.qos.logback.core.ConsoleAppender">
		<encoder>
			<pattern>
				time=%X{time}|level=%-5level|event_cod=%X{event_cod}|event_typ=%X{event_typ}|sec_event_typ=%X{sec_event_typ}|usr_id=%X{usr_id}|uom_cod=%X{uom_cod}|app_id=%X{app_id}|component_id=%X{component_id}|corr_id=%X{corr_id}|sess_id=%X{sess_id}|src_client_id=%X{src_client_id}|profil=%X{profil}|instance_name=%X{instance_name}|uri=%X{uri}|component_type=%X{component_type}|terminal=%X{terminal}|eds=%X{eds}|operational_post_id=%X{operational_post_id}|source=%c{0}|stack_trace=%X{stack_trace}|src_client=IHML-S1247|%msg%n
			</pattern>
		</encoder>
	</appender>

	<logger name="fr.ca.cat.ihml.bff" level="debug" additivity="false">
		<appender-ref ref="ConsoleApp" />
	</logger>

	<root level="info" additivity="false">
		<appender-ref ref="ConsoleOther" />
	</root>
</configuration>